{"cameraMode":{"drawMode":0,"name":"Shaded","section":"Shading Mode"},"sceneLighting":true,"audioPlay":false,"sceneViewState":{"showFog":true,"showMaterialUpdate":false,"showSkybox":true,"showFlares":true,"showImageEffects":true,"showParticleSystems":true},"in2DMode":false,"pivot":{"x":-0.0000015507697526118137,"y":1.000009536743164,"z":-9.999998092651368},"rotation":{"x":-0.03746854141354561,"y":-0.03446900472044945,"z":-0.0012933711986988783,"w":0.9987057447433472},"size":0.000011763087968574837,"orthographic":false}